{
    "avm": {
        "name": "ico_template",
        "hash": "8fcebb72369250c610dfaa72b759dd03"
    },
    "compiler": {
        "name": "neo-boa",
        "version": "0.5.0"
    },
    "files": [
        {
            "id": 1,
            "url": "/home/dau/.neopython/UnitTest/UnitTest-SM/contracts/neo-ico-template/ico_template.py"
        },
        {
            "id": 2,
            "url": "/home/dau/.neopython/UnitTest/UnitTest-SM/contracts/neo-ico-template/nex/nep5.py"
        },
        {
            "id": 3,
            "url": "/home/dau/.neopython/UnitTest/UnitTest-SM/contracts/neo-ico-template/nex/crowdsale.py"
        },
        {
            "id": 4,
            "url": "/home/dau/workspace/python/github.com/neo/venvDev/lib/python3.6/site-packages/boa/builtins.py"
        },
        {
            "id": 5,
            "url": "/home/dau/.neopython/UnitTest/UnitTest-SM/contracts/neo-ico-template/nex/token.py"
        },
        {
            "id": 6,
            "url": "/home/dau/.neopython/UnitTest/UnitTest-SM/contracts/neo-ico-template/nex/txio.py"
        }
    ],
    "map": [
        {
            "start": 14,
            "end": 91,
            "file": 1,
            "method": "Main",
            "line": 15,
            "file_line_no": 37
        },
        {
            "start": 92,
            "end": 121,
            "file": 1,
            "method": "Main",
            "line": 19,
            "file_line_no": 41
        },
        {
            "start": 122,
            "end": 213,
            "file": 1,
            "method": "Main",
            "line": 20,
            "file_line_no": 42
        },
        {
            "start": 214,
            "end": 243,
            "file": 1,
            "method": "Main",
            "line": 10,
            "file_line_no": 32
        },
        {
            "start": 244,
            "end": 252,
            "file": 1,
            "method": "Main",
            "line": 15,
            "file_line_no": 37
        },
        {
            "start": 253,
            "end": 287,
            "file": 1,
            "method": "Main",
            "line": 18,
            "file_line_no": 40
        },
        {
            "start": 288,
            "end": 293,
            "file": 1,
            "method": "Main",
            "line": 21,
            "file_line_no": 43
        },
        {
            "start": 294,
            "end": 298,
            "file": 1,
            "method": "Main",
            "line": 23,
            "file_line_no": 45
        },
        {
            "start": 299,
            "end": 306,
            "file": 1,
            "method": "Main",
            "line": 27,
            "file_line_no": 49
        },
        {
            "start": 307,
            "end": 322,
            "file": 1,
            "method": "Main",
            "line": 28,
            "file_line_no": 50
        },
        {
            "start": 323,
            "end": 331,
            "file": 1,
            "method": "Main",
            "line": 30,
            "file_line_no": 52
        },
        {
            "start": 332,
            "end": 379,
            "file": 1,
            "method": "Main",
            "line": 32,
            "file_line_no": 54
        },
        {
            "start": 380,
            "end": 389,
            "file": 1,
            "method": "Main",
            "line": 33,
            "file_line_no": 55
        },
        {
            "start": 390,
            "end": 412,
            "file": 1,
            "method": "Main",
            "line": 34,
            "file_line_no": 56
        },
        {
            "start": 413,
            "end": 426,
            "file": 1,
            "method": "Main",
            "line": 36,
            "file_line_no": 58
        },
        {
            "start": 427,
            "end": 433,
            "file": 1,
            "method": "Main",
            "line": 37,
            "file_line_no": 59
        },
        {
            "start": 434,
            "end": 452,
            "file": 1,
            "method": "Main",
            "line": 39,
            "file_line_no": 61
        },
        {
            "start": 453,
            "end": 462,
            "file": 1,
            "method": "Main",
            "line": 40,
            "file_line_no": 62
        },
        {
            "start": 463,
            "end": 480,
            "file": 1,
            "method": "Main",
            "line": 44,
            "file_line_no": 66
        },
        {
            "start": 481,
            "end": 490,
            "file": 1,
            "method": "Main",
            "line": 45,
            "file_line_no": 67
        },
        {
            "start": 491,
            "end": 516,
            "file": 1,
            "method": "Main",
            "line": 47,
            "file_line_no": 69
        },
        {
            "start": 517,
            "end": 530,
            "file": 1,
            "method": "Main",
            "line": 48,
            "file_line_no": 70
        },
        {
            "start": 531,
            "end": 554,
            "file": 1,
            "method": "Main",
            "line": 50,
            "file_line_no": 72
        },
        {
            "start": 555,
            "end": 568,
            "file": 1,
            "method": "Main",
            "line": 51,
            "file_line_no": 73
        },
        {
            "start": 569,
            "end": 595,
            "file": 1,
            "method": "Main",
            "line": 53,
            "file_line_no": 75
        },
        {
            "start": 596,
            "end": 605,
            "file": 1,
            "method": "Main",
            "line": 54,
            "file_line_no": 76
        },
        {
            "start": 606,
            "end": 628,
            "file": 1,
            "method": "Main",
            "line": 56,
            "file_line_no": 78
        },
        {
            "start": 629,
            "end": 635,
            "file": 1,
            "method": "Main",
            "line": 57,
            "file_line_no": 79
        },
        {
            "start": 636,
            "end": 657,
            "file": 1,
            "method": "Main",
            "line": 59,
            "file_line_no": 81
        },
        {
            "start": 658,
            "end": 665,
            "file": 1,
            "method": "deploy",
            "line": 61,
            "file_line_no": 146
        },
        {
            "start": 666,
            "end": 691,
            "file": 1,
            "method": "deploy",
            "line": 15,
            "file_line_no": 100
        },
        {
            "start": 692,
            "end": 704,
            "file": 1,
            "method": "deploy",
            "line": 21,
            "file_line_no": 106
        },
        {
            "start": 705,
            "end": 730,
            "file": 1,
            "method": "deploy",
            "line": 15,
            "file_line_no": 100
        },
        {
            "start": 731,
            "end": 743,
            "file": 1,
            "method": "deploy",
            "line": 21,
            "file_line_no": 106
        },
        {
            "start": 744,
            "end": 769,
            "file": 1,
            "method": "deploy",
            "line": 15,
            "file_line_no": 100
        },
        {
            "start": 770,
            "end": 782,
            "file": 1,
            "method": "deploy",
            "line": 21,
            "file_line_no": 106
        },
        {
            "start": 783,
            "end": 812,
            "file": 1,
            "method": "deploy",
            "line": 19,
            "file_line_no": 104
        },
        {
            "start": 813,
            "end": 845,
            "file": 1,
            "method": "deploy",
            "line": 8,
            "file_line_no": 93
        },
        {
            "start": 846,
            "end": 886,
            "file": 1,
            "method": "deploy",
            "line": 9,
            "file_line_no": 94
        },
        {
            "start": 887,
            "end": 891,
            "file": 1,
            "method": "deploy",
            "line": 10,
            "file_line_no": 95
        },
        {
            "start": 892,
            "end": 928,
            "file": 1,
            "method": "deploy",
            "line": 12,
            "file_line_no": 97
        },
        {
            "start": 929,
            "end": 964,
            "file": 1,
            "method": "deploy",
            "line": 14,
            "file_line_no": 99
        },
        {
            "start": 965,
            "end": 993,
            "file": 1,
            "method": "deploy",
            "line": 15,
            "file_line_no": 100
        },
        {
            "start": 994,
            "end": 1007,
            "file": 1,
            "method": "deploy",
            "line": 16,
            "file_line_no": 101
        },
        {
            "start": 1008,
            "end": 1029,
            "file": 2,
            "method": "do_allowance",
            "line": 18,
            "file_line_no": 185
        },
        {
            "start": 1030,
            "end": 1095,
            "file": 2,
            "method": "do_approve",
            "line": 3,
            "file_line_no": 141
        },
        {
            "start": 1096,
            "end": 1100,
            "file": 2,
            "method": "do_approve",
            "line": 4,
            "file_line_no": 142
        },
        {
            "start": 1101,
            "end": 1133,
            "file": 2,
            "method": "do_approve",
            "line": 6,
            "file_line_no": 144
        },
        {
            "start": 1134,
            "end": 1138,
            "file": 2,
            "method": "do_approve",
            "line": 7,
            "file_line_no": 145
        },
        {
            "start": 1139,
            "end": 1146,
            "file": 2,
            "method": "do_approve",
            "line": 9,
            "file_line_no": 147
        },
        {
            "start": 1147,
            "end": 1151,
            "file": 2,
            "method": "do_approve",
            "line": 10,
            "file_line_no": 148
        },
        {
            "start": 1152,
            "end": 1183,
            "file": 2,
            "method": "do_approve",
            "line": 14,
            "file_line_no": 152
        },
        {
            "start": 1184,
            "end": 1195,
            "file": 2,
            "method": "do_approve",
            "line": 16,
            "file_line_no": 154
        },
        {
            "start": 1196,
            "end": 1203,
            "file": 2,
            "method": "do_approve",
            "line": 18,
            "file_line_no": 156
        },
        {
            "start": 1204,
            "end": 1235,
            "file": 2,
            "method": "do_approve",
            "line": 19,
            "file_line_no": 157
        },
        {
            "start": 1236,
            "end": 1265,
            "file": 2,
            "method": "do_approve",
            "line": 21,
            "file_line_no": 159
        },
        {
            "start": 1266,
            "end": 1306,
            "file": 2,
            "method": "do_approve",
            "line": 23,
            "file_line_no": 161
        },
        {
            "start": 1307,
            "end": 1311,
            "file": 2,
            "method": "do_approve",
            "line": 25,
            "file_line_no": 163
        },
        {
            "start": 1312,
            "end": 1339,
            "file": 2,
            "method": "do_transfer_from",
            "line": 27,
            "file_line_no": 118
        },
        {
            "start": 1340,
            "end": 1347,
            "file": 2,
            "method": "do_transfer_from",
            "line": 3,
            "file_line_no": 94
        },
        {
            "start": 1348,
            "end": 1352,
            "file": 2,
            "method": "do_transfer_from",
            "line": 4,
            "file_line_no": 95
        },
        {
            "start": 1353,
            "end": 1364,
            "file": 2,
            "method": "do_transfer_from",
            "line": 6,
            "file_line_no": 97
        },
        {
            "start": 1365,
            "end": 1374,
            "file": 2,
            "method": "do_transfer_from",
            "line": 8,
            "file_line_no": 99
        },
        {
            "start": 1375,
            "end": 1379,
            "file": 2,
            "method": "do_transfer_from",
            "line": 9,
            "file_line_no": 100
        },
        {
            "start": 1380,
            "end": 1409,
            "file": 2,
            "method": "do_transfer_from",
            "line": 11,
            "file_line_no": 102
        },
        {
            "start": 1410,
            "end": 1419,
            "file": 2,
            "method": "do_transfer_from",
            "line": 13,
            "file_line_no": 104
        },
        {
            "start": 1420,
            "end": 1464,
            "file": 2,
            "method": "do_transfer_from",
            "line": 14,
            "file_line_no": 105
        },
        {
            "start": 1465,
            "end": 1469,
            "file": 2,
            "method": "do_transfer_from",
            "line": 15,
            "file_line_no": 106
        },
        {
            "start": 1470,
            "end": 1499,
            "file": 2,
            "method": "do_transfer_from",
            "line": 17,
            "file_line_no": 108
        },
        {
            "start": 1500,
            "end": 1509,
            "file": 2,
            "method": "do_transfer_from",
            "line": 19,
            "file_line_no": 110
        },
        {
            "start": 1510,
            "end": 1562,
            "file": 2,
            "method": "do_transfer_from",
            "line": 20,
            "file_line_no": 111
        },
        {
            "start": 1563,
            "end": 1567,
            "file": 2,
            "method": "do_transfer_from",
            "line": 21,
            "file_line_no": 112
        },
        {
            "start": 1568,
            "end": 1597,
            "file": 2,
            "method": "do_transfer_from",
            "line": 23,
            "file_line_no": 114
        },
        {
            "start": 1598,
            "end": 1609,
            "file": 2,
            "method": "do_transfer_from",
            "line": 25,
            "file_line_no": 116
        },
        {
            "start": 1610,
            "end": 1621,
            "file": 2,
            "method": "do_transfer_from",
            "line": 27,
            "file_line_no": 118
        },
        {
            "start": 1622,
            "end": 1650,
            "file": 2,
            "method": "do_transfer_from",
            "line": 29,
            "file_line_no": 120
        },
        {
            "start": 1651,
            "end": 1679,
            "file": 2,
            "method": "do_transfer_from",
            "line": 30,
            "file_line_no": 121
        },
        {
            "start": 1680,
            "end": 1714,
            "file": 2,
            "method": "do_transfer_from",
            "line": 32,
            "file_line_no": 123
        },
        {
            "start": 1715,
            "end": 1726,
            "file": 2,
            "method": "do_transfer_from",
            "line": 34,
            "file_line_no": 125
        },
        {
            "start": 1727,
            "end": 1734,
            "file": 2,
            "method": "do_transfer_from",
            "line": 36,
            "file_line_no": 127
        },
        {
            "start": 1735,
            "end": 1772,
            "file": 2,
            "method": "do_transfer_from",
            "line": 37,
            "file_line_no": 128
        },
        {
            "start": 1773,
            "end": 1804,
            "file": 2,
            "method": "do_transfer_from",
            "line": 38,
            "file_line_no": 129
        },
        {
            "start": 1805,
            "end": 1857,
            "file": 2,
            "method": "do_transfer_from",
            "line": 40,
            "file_line_no": 131
        },
        {
            "start": 1858,
            "end": 1887,
            "file": 2,
            "method": "do_transfer_from",
            "line": 41,
            "file_line_no": 132
        },
        {
            "start": 1888,
            "end": 1929,
            "file": 2,
            "method": "do_transfer_from",
            "line": 43,
            "file_line_no": 134
        },
        {
            "start": 1930,
            "end": 1957,
            "file": 2,
            "method": "do_transfer",
            "line": 45,
            "file_line_no": 94
        },
        {
            "start": 1958,
            "end": 1965,
            "file": 2,
            "method": "do_transfer",
            "line": 3,
            "file_line_no": 52
        },
        {
            "start": 1966,
            "end": 1970,
            "file": 2,
            "method": "do_transfer",
            "line": 4,
            "file_line_no": 53
        },
        {
            "start": 1971,
            "end": 1980,
            "file": 2,
            "method": "do_transfer",
            "line": 6,
            "file_line_no": 55
        },
        {
            "start": 1981,
            "end": 1985,
            "file": 2,
            "method": "do_transfer",
            "line": 7,
            "file_line_no": 56
        },
        {
            "start": 1986,
            "end": 2018,
            "file": 2,
            "method": "do_transfer",
            "line": 9,
            "file_line_no": 58
        },
        {
            "start": 2019,
            "end": 2048,
            "file": 2,
            "method": "do_transfer",
            "line": 11,
            "file_line_no": 60
        },
        {
            "start": 2049,
            "end": 2058,
            "file": 2,
            "method": "do_transfer",
            "line": 13,
            "file_line_no": 62
        },
        {
            "start": 2059,
            "end": 2094,
            "file": 2,
            "method": "do_transfer",
            "line": 14,
            "file_line_no": 63
        },
        {
            "start": 2095,
            "end": 2099,
            "file": 2,
            "method": "do_transfer",
            "line": 15,
            "file_line_no": 64
        },
        {
            "start": 2100,
            "end": 2109,
            "file": 2,
            "method": "do_transfer",
            "line": 17,
            "file_line_no": 66
        },
        {
            "start": 2110,
            "end": 2144,
            "file": 2,
            "method": "do_transfer",
            "line": 18,
            "file_line_no": 67
        },
        {
            "start": 2145,
            "end": 2149,
            "file": 2,
            "method": "do_transfer",
            "line": 19,
            "file_line_no": 68
        },
        {
            "start": 2150,
            "end": 2159,
            "file": 2,
            "method": "do_transfer",
            "line": 21,
            "file_line_no": 70
        },
        {
            "start": 2160,
            "end": 2191,
            "file": 2,
            "method": "do_transfer",
            "line": 22,
            "file_line_no": 71
        },
        {
            "start": 2192,
            "end": 2203,
            "file": 2,
            "method": "do_transfer",
            "line": 25,
            "file_line_no": 74
        },
        {
            "start": 2204,
            "end": 2233,
            "file": 2,
            "method": "do_transfer",
            "line": 26,
            "file_line_no": 75
        },
        {
            "start": 2234,
            "end": 2263,
            "file": 2,
            "method": "do_transfer",
            "line": 28,
            "file_line_no": 77
        },
        {
            "start": 2264,
            "end": 2275,
            "file": 2,
            "method": "do_transfer",
            "line": 30,
            "file_line_no": 79
        },
        {
            "start": 2276,
            "end": 2304,
            "file": 2,
            "method": "do_transfer",
            "line": 32,
            "file_line_no": 81
        },
        {
            "start": 2305,
            "end": 2346,
            "file": 2,
            "method": "do_transfer",
            "line": 34,
            "file_line_no": 83
        },
        {
            "start": 2347,
            "end": 2351,
            "file": 2,
            "method": "do_transfer",
            "line": 36,
            "file_line_no": 85
        },
        {
            "start": 2352,
            "end": 2402,
            "file": 2,
            "method": "do_transfer",
            "line": 38,
            "file_line_no": 87
        },
        {
            "start": 2403,
            "end": 2425,
            "file": 2,
            "method": "handle_nep51",
            "line": 40,
            "file_line_no": 52
        },
        {
            "start": 2426,
            "end": 2446,
            "file": 2,
            "method": "handle_nep51",
            "line": 7,
            "file_line_no": 19
        },
        {
            "start": 2447,
            "end": 2456,
            "file": 2,
            "method": "handle_nep51",
            "line": 9,
            "file_line_no": 21
        },
        {
            "start": 2457,
            "end": 2462,
            "file": 2,
            "method": "handle_nep51",
            "line": 11,
            "file_line_no": 23
        },
        {
            "start": 2463,
            "end": 2482,
            "file": 2,
            "method": "handle_nep51",
            "line": 17,
            "file_line_no": 29
        },
        {
            "start": 2483,
            "end": 2494,
            "file": 2,
            "method": "handle_nep51",
            "line": 3,
            "file_line_no": 15
        },
        {
            "start": 2495,
            "end": 2501,
            "file": 2,
            "method": "handle_nep51",
            "line": 4,
            "file_line_no": 16
        },
        {
            "start": 2502,
            "end": 2517,
            "file": 2,
            "method": "handle_nep51",
            "line": 6,
            "file_line_no": 18
        },
        {
            "start": 2518,
            "end": 2524,
            "file": 2,
            "method": "handle_nep51",
            "line": 7,
            "file_line_no": 19
        },
        {
            "start": 2525,
            "end": 2538,
            "file": 2,
            "method": "handle_nep51",
            "line": 9,
            "file_line_no": 21
        },
        {
            "start": 2539,
            "end": 2545,
            "file": 2,
            "method": "handle_nep51",
            "line": 10,
            "file_line_no": 22
        },
        {
            "start": 2546,
            "end": 2564,
            "file": 2,
            "method": "handle_nep51",
            "line": 12,
            "file_line_no": 24
        },
        {
            "start": 2565,
            "end": 2593,
            "file": 2,
            "method": "handle_nep51",
            "line": 13,
            "file_line_no": 25
        },
        {
            "start": 2594,
            "end": 2610,
            "file": 2,
            "method": "handle_nep51",
            "line": 15,
            "file_line_no": 27
        },
        {
            "start": 2611,
            "end": 2619,
            "file": 2,
            "method": "handle_nep51",
            "line": 16,
            "file_line_no": 28
        },
        {
            "start": 2620,
            "end": 2654,
            "file": 2,
            "method": "handle_nep51",
            "line": 17,
            "file_line_no": 29
        },
        {
            "start": 2655,
            "end": 2670,
            "file": 2,
            "method": "handle_nep51",
            "line": 19,
            "file_line_no": 31
        },
        {
            "start": 2671,
            "end": 2679,
            "file": 2,
            "method": "handle_nep51",
            "line": 20,
            "file_line_no": 32
        },
        {
            "start": 2680,
            "end": 2728,
            "file": 2,
            "method": "handle_nep51",
            "line": 21,
            "file_line_no": 33
        },
        {
            "start": 2729,
            "end": 2748,
            "file": 2,
            "method": "handle_nep51",
            "line": 23,
            "file_line_no": 35
        },
        {
            "start": 2749,
            "end": 2757,
            "file": 2,
            "method": "handle_nep51",
            "line": 24,
            "file_line_no": 36
        },
        {
            "start": 2758,
            "end": 2806,
            "file": 2,
            "method": "handle_nep51",
            "line": 25,
            "file_line_no": 37
        },
        {
            "start": 2807,
            "end": 2821,
            "file": 2,
            "method": "handle_nep51",
            "line": 27,
            "file_line_no": 39
        },
        {
            "start": 2822,
            "end": 2830,
            "file": 2,
            "method": "handle_nep51",
            "line": 28,
            "file_line_no": 40
        },
        {
            "start": 2831,
            "end": 2879,
            "file": 2,
            "method": "handle_nep51",
            "line": 29,
            "file_line_no": 41
        },
        {
            "start": 2880,
            "end": 2896,
            "file": 2,
            "method": "handle_nep51",
            "line": 31,
            "file_line_no": 43
        },
        {
            "start": 2897,
            "end": 2905,
            "file": 2,
            "method": "handle_nep51",
            "line": 32,
            "file_line_no": 44
        },
        {
            "start": 2906,
            "end": 2927,
            "file": 2,
            "method": "handle_nep51",
            "line": 33,
            "file_line_no": 45
        },
        {
            "start": 2928,
            "end": 2955,
            "file": 3,
            "method": "calculate_can_exchange",
            "line": 35,
            "file_line_no": 197
        },
        {
            "start": 2956,
            "end": 2975,
            "file": 3,
            "method": "calculate_can_exchange",
            "line": 17,
            "file_line_no": 179
        },
        {
            "start": 2976,
            "end": 2988,
            "file": 3,
            "method": "calculate_can_exchange",
            "line": 19,
            "file_line_no": 181
        },
        {
            "start": 2989,
            "end": 3000,
            "file": 3,
            "method": "calculate_can_exchange",
            "line": 30,
            "file_line_no": 192
        },
        {
            "start": 3001,
            "end": 3009,
            "file": 3,
            "method": "calculate_can_exchange",
            "line": 33,
            "file_line_no": 195
        },
        {
            "start": 3010,
            "end": 3018,
            "file": 3,
            "method": "calculate_can_exchange",
            "line": 36,
            "file_line_no": 198
        },
        {
            "start": 3019,
            "end": 3026,
            "file": 3,
            "method": "calculate_can_exchange",
            "line": 40,
            "file_line_no": 202
        },
        {
            "start": 3027,
            "end": 3058,
            "file": 3,
            "method": "calculate_can_exchange",
            "line": 10,
            "file_line_no": 172
        },
        {
            "start": 3059,
            "end": 3088,
            "file": 3,
            "method": "calculate_can_exchange",
            "line": 12,
            "file_line_no": 174
        },
        {
            "start": 3089,
            "end": 3100,
            "file": 3,
            "method": "calculate_can_exchange",
            "line": 14,
            "file_line_no": 176
        },
        {
            "start": 3101,
            "end": 3110,
            "file": 3,
            "method": "calculate_can_exchange",
            "line": 16,
            "file_line_no": 178
        },
        {
            "start": 3111,
            "end": 3115,
            "file": 3,
            "method": "calculate_can_exchange",
            "line": 17,
            "file_line_no": 179
        },
        {
            "start": 3116,
            "end": 3125,
            "file": 3,
            "method": "calculate_can_exchange",
            "line": 19,
            "file_line_no": 181
        },
        {
            "start": 3126,
            "end": 3130,
            "file": 3,
            "method": "calculate_can_exchange",
            "line": 20,
            "file_line_no": 182
        },
        {
            "start": 3131,
            "end": 3140,
            "file": 3,
            "method": "calculate_can_exchange",
            "line": 23,
            "file_line_no": 185
        },
        {
            "start": 3141,
            "end": 3145,
            "file": 3,
            "method": "calculate_can_exchange",
            "line": 24,
            "file_line_no": 186
        },
        {
            "start": 3146,
            "end": 3155,
            "file": 3,
            "method": "calculate_can_exchange",
            "line": 27,
            "file_line_no": 189
        },
        {
            "start": 3156,
            "end": 3167,
            "file": 3,
            "method": "calculate_can_exchange",
            "line": 30,
            "file_line_no": 192
        },
        {
            "start": 3168,
            "end": 3197,
            "file": 3,
            "method": "calculate_can_exchange",
            "line": 31,
            "file_line_no": 193
        },
        {
            "start": 3198,
            "end": 3203,
            "file": 3,
            "method": "calculate_can_exchange",
            "line": 34,
            "file_line_no": 196
        },
        {
            "start": 3204,
            "end": 3209,
            "file": 3,
            "method": "calculate_can_exchange",
            "line": 39,
            "file_line_no": 201
        },
        {
            "start": 3210,
            "end": 3237,
            "file": 3,
            "method": "calculate_can_exchange",
            "line": 40,
            "file_line_no": 202
        },
        {
            "start": 3238,
            "end": 3242,
            "file": 3,
            "method": "calculate_can_exchange",
            "line": 41,
            "file_line_no": 203
        },
        {
            "start": 3243,
            "end": 3247,
            "file": 3,
            "method": "calculate_can_exchange",
            "line": 43,
            "file_line_no": 205
        },
        {
            "start": 3248,
            "end": 3264,
            "file": 3,
            "method": "get_kyc_status",
            "line": 45,
            "file_line_no": 193
        },
        {
            "start": 3265,
            "end": 3276,
            "file": 3,
            "method": "get_kyc_status",
            "line": 38,
            "file_line_no": 186
        },
        {
            "start": 3277,
            "end": 3288,
            "file": 3,
            "method": "get_kyc_status",
            "line": 10,
            "file_line_no": 158
        },
        {
            "start": 3289,
            "end": 3334,
            "file": 3,
            "method": "can_exchange",
            "line": 12,
            "file_line_no": 117
        },
        {
            "start": 3335,
            "end": 3345,
            "file": 3,
            "method": "can_exchange",
            "line": 24,
            "file_line_no": 129
        },
        {
            "start": 3346,
            "end": 3355,
            "file": 3,
            "method": "can_exchange",
            "line": 22,
            "file_line_no": 127
        },
        {
            "start": 3356,
            "end": 3360,
            "file": 3,
            "method": "can_exchange",
            "line": 23,
            "file_line_no": 128
        },
        {
            "start": 3361,
            "end": 3375,
            "file": 3,
            "method": "can_exchange",
            "line": 30,
            "file_line_no": 135
        },
        {
            "start": 3376,
            "end": 3380,
            "file": 3,
            "method": "can_exchange",
            "line": 31,
            "file_line_no": 136
        },
        {
            "start": 3381,
            "end": 3400,
            "file": 3,
            "method": "can_exchange",
            "line": 34,
            "file_line_no": 139
        },
        {
            "start": 3401,
            "end": 3442,
            "file": 3,
            "method": "can_exchange",
            "line": 39,
            "file_line_no": 144
        },
        {
            "start": 3443,
            "end": 3457,
            "file": 3,
            "method": "perform_exchange",
            "line": 41,
            "file_line_no": 99
        },
        {
            "start": 3458,
            "end": 3468,
            "file": 3,
            "method": "perform_exchange",
            "line": 24,
            "file_line_no": 82
        },
        {
            "start": 3469,
            "end": 3476,
            "file": 3,
            "method": "perform_exchange",
            "line": 9,
            "file_line_no": 67
        },
        {
            "start": 3477,
            "end": 3493,
            "file": 3,
            "method": "perform_exchange",
            "line": 12,
            "file_line_no": 70
        },
        {
            "start": 3494,
            "end": 3499,
            "file": 3,
            "method": "perform_exchange",
            "line": 14,
            "file_line_no": 72
        },
        {
            "start": 3500,
            "end": 3509,
            "file": 3,
            "method": "perform_exchange",
            "line": 19,
            "file_line_no": 77
        },
        {
            "start": 3510,
            "end": 3550,
            "file": 3,
            "method": "perform_exchange",
            "line": 20,
            "file_line_no": 78
        },
        {
            "start": 3551,
            "end": 3555,
            "file": 3,
            "method": "perform_exchange",
            "line": 24,
            "file_line_no": 82
        },
        {
            "start": 3556,
            "end": 3587,
            "file": 3,
            "method": "perform_exchange",
            "line": 27,
            "file_line_no": 85
        },
        {
            "start": 3588,
            "end": 3607,
            "file": 3,
            "method": "perform_exchange",
            "line": 30,
            "file_line_no": 88
        },
        {
            "start": 3608,
            "end": 3619,
            "file": 3,
            "method": "perform_exchange",
            "line": 36,
            "file_line_no": 94
        },
        {
            "start": 3620,
            "end": 3650,
            "file": 3,
            "method": "perform_exchange",
            "line": 37,
            "file_line_no": 95
        },
        {
            "start": 3651,
            "end": 3665,
            "file": 3,
            "method": "perform_exchange",
            "line": 40,
            "file_line_no": 98
        },
        {
            "start": 3666,
            "end": 3711,
            "file": 3,
            "method": "perform_exchange",
            "line": 43,
            "file_line_no": 101
        },
        {
            "start": 3712,
            "end": 3728,
            "file": 3,
            "method": "kyc_status",
            "line": 45,
            "file_line_no": 84
        },
        {
            "start": 3729,
            "end": 3740,
            "file": 3,
            "method": "kyc_status",
            "line": 38,
            "file_line_no": 77
        },
        {
            "start": 3741,
            "end": 3749,
            "file": 3,
            "method": "kyc_status",
            "line": 10,
            "file_line_no": 49
        },
        {
            "start": 3750,
            "end": 3759,
            "file": 3,
            "method": "kyc_status",
            "line": 11,
            "file_line_no": 50
        },
        {
            "start": 3760,
            "end": 3771,
            "file": 3,
            "method": "kyc_status",
            "line": 13,
            "file_line_no": 52
        },
        {
            "start": 3772,
            "end": 3800,
            "file": 3,
            "method": "kyc_status",
            "line": 15,
            "file_line_no": 54
        },
        {
            "start": 3801,
            "end": 3817,
            "file": 3,
            "method": "kyc_register",
            "line": 17,
            "file_line_no": 31
        },
        {
            "start": 3818,
            "end": 3843,
            "file": 3,
            "method": "kyc_register",
            "line": 15,
            "file_line_no": 29
        },
        {
            "start": 3844,
            "end": 3855,
            "file": 3,
            "method": "kyc_register",
            "line": 38,
            "file_line_no": 52
        },
        {
            "start": 3856,
            "end": 3861,
            "file": 3,
            "method": "kyc_register",
            "line": 9,
            "file_line_no": 23
        },
        {
            "start": 3862,
            "end": 3894,
            "file": 3,
            "method": "kyc_register",
            "line": 11,
            "file_line_no": 25
        },
        {
            "start": 3895,
            "end": 3942,
            "file": 3,
            "method": "kyc_register",
            "line": 13,
            "file_line_no": 27
        },
        {
            "start": 3943,
            "end": 3952,
            "file": 3,
            "method": "kyc_register",
            "line": 15,
            "file_line_no": 29
        },
        {
            "start": 3953,
            "end": 3964,
            "file": 3,
            "method": "kyc_register",
            "line": 17,
            "file_line_no": 31
        },
        {
            "start": 3965,
            "end": 3991,
            "file": 3,
            "method": "kyc_register",
            "line": 18,
            "file_line_no": 32
        },
        {
            "start": 3992,
            "end": 4033,
            "file": 3,
            "method": "kyc_register",
            "line": 20,
            "file_line_no": 34
        },
        {
            "start": 4034,
            "end": 4049,
            "file": 3,
            "method": "kyc_register",
            "line": 21,
            "file_line_no": 35
        },
        {
            "start": 4050,
            "end": 4068,
            "file": 4,
            "method": "range",
            "line": 23,
            "file_line_no": 96
        },
        {
            "start": 4069,
            "end": 4080,
            "file": 4,
            "method": "range",
            "line": 9,
            "file_line_no": 82
        },
        {
            "start": 4081,
            "end": 4089,
            "file": 4,
            "method": "range",
            "line": 11,
            "file_line_no": 84
        },
        {
            "start": 4090,
            "end": 4095,
            "file": 4,
            "method": "range",
            "line": 13,
            "file_line_no": 86
        },
        {
            "start": 4096,
            "end": 4103,
            "file": 4,
            "method": "range",
            "line": 15,
            "file_line_no": 88
        },
        {
            "start": 4104,
            "end": 4115,
            "file": 4,
            "method": "range",
            "line": 17,
            "file_line_no": 90
        },
        {
            "start": 4116,
            "end": 4127,
            "file": 4,
            "method": "range",
            "line": 18,
            "file_line_no": 91
        },
        {
            "start": 4128,
            "end": 4138,
            "file": 4,
            "method": "range",
            "line": 19,
            "file_line_no": 92
        },
        {
            "start": 4139,
            "end": 4148,
            "file": 4,
            "method": "range",
            "line": 20,
            "file_line_no": 93
        },
        {
            "start": 4149,
            "end": 4166,
            "file": 4,
            "method": "range",
            "line": 21,
            "file_line_no": 94
        },
        {
            "start": 4167,
            "end": 4180,
            "file": 5,
            "method": "get_circulation",
            "line": 23,
            "file_line_no": 92
        },
        {
            "start": 4181,
            "end": 4200,
            "file": 5,
            "method": "get_circulation",
            "line": 17,
            "file_line_no": 86
        },
        {
            "start": 4201,
            "end": 4241,
            "file": 5,
            "method": "add_to_circulation",
            "line": 8,
            "file_line_no": 63
        },
        {
            "start": 4242,
            "end": 4261,
            "file": 5,
            "method": "add_to_circulation",
            "line": 17,
            "file_line_no": 72
        },
        {
            "start": 4262,
            "end": 4291,
            "file": 5,
            "method": "add_to_circulation",
            "line": 8,
            "file_line_no": 63
        },
        {
            "start": 4292,
            "end": 4303,
            "file": 5,
            "method": "add_to_circulation",
            "line": 10,
            "file_line_no": 65
        },
        {
            "start": 4304,
            "end": 4332,
            "file": 5,
            "method": "add_to_circulation",
            "line": 11,
            "file_line_no": 66
        },
        {
            "start": 4333,
            "end": 4344,
            "file": 5,
            "method": "crowdsale_available_amount",
            "line": 12,
            "file_line_no": 54
        },
        {
            "start": 4345,
            "end": 4364,
            "file": 5,
            "method": "crowdsale_available_amount",
            "line": 17,
            "file_line_no": 59
        },
        {
            "start": 4365,
            "end": 4377,
            "file": 5,
            "method": "crowdsale_available_amount",
            "line": 19,
            "file_line_no": 61
        },
        {
            "start": 4378,
            "end": 4407,
            "file": 5,
            "method": "crowdsale_available_amount",
            "line": 7,
            "file_line_no": 49
        },
        {
            "start": 4408,
            "end": 4419,
            "file": 5,
            "method": "crowdsale_available_amount",
            "line": 9,
            "file_line_no": 51
        },
        {
            "start": 4420,
            "end": 4429,
            "file": 6,
            "method": "get_asset_attachments",
            "line": 11,
            "file_line_no": 21
        },
        {
            "start": 4430,
            "end": 4467,
            "file": 6,
            "method": "get_asset_attachments",
            "line": 6,
            "file_line_no": 16
        },
        {
            "start": 4468,
            "end": 4505,
            "file": 6,
            "method": "get_asset_attachments",
            "line": 8,
            "file_line_no": 18
        },
        {
            "start": 4506,
            "end": 4554,
            "file": 6,
            "method": "get_asset_attachments",
            "line": 9,
            "file_line_no": 19
        },
        {
            "start": 4555,
            "end": 4594,
            "file": 6,
            "method": "get_asset_attachments",
            "line": 10,
            "file_line_no": 20
        },
        {
            "start": 4595,
            "end": 4648,
            "file": 6,
            "method": "get_asset_attachments",
            "line": 12,
            "file_line_no": 22
        },
        {
            "start": 4649,
            "end": 4653,
            "file": 6,
            "method": "get_asset_attachments",
            "line": 13,
            "file_line_no": 23
        },
        {
            "start": 4654,
            "end": 4659,
            "file": 6,
            "method": "get_asset_attachments",
            "line": 14,
            "file_line_no": 24
        },
        {
            "start": 4660,
            "end": 4665,
            "file": 6,
            "method": "get_asset_attachments",
            "line": 15,
            "file_line_no": 25
        },
        {
            "start": 4666,
            "end": 4674,
            "file": 6,
            "method": "get_asset_attachments",
            "line": 17,
            "file_line_no": 27
        },
        {
            "start": 4675,
            "end": 4684,
            "file": 6,
            "method": "get_asset_attachments",
            "line": 19,
            "file_line_no": 29
        },
        {
            "start": 4685,
            "end": 4719,
            "file": 6,
            "method": "get_asset_attachments",
            "line": 20,
            "file_line_no": 30
        },
        {
            "start": 4720,
            "end": 4804,
            "file": 6,
            "method": "get_asset_attachments",
            "line": 21,
            "file_line_no": 31
        },
        {
            "start": 4805,
            "end": 4841,
            "file": 6,
            "method": "get_asset_attachments",
            "line": 22,
            "file_line_no": 32
        },
        {
            "start": 4842,
            "end": 4875,
            "file": 6,
            "method": "get_asset_attachments",
            "line": 23,
            "file_line_no": 33
        },
        {
            "start": 4876,
            "end": 4910,
            "file": 6,
            "method": "get_asset_attachments",
            "line": 24,
            "file_line_no": 34
        },
        {
            "start": 4911,
            "end": 4944,
            "file": 6,
            "method": "get_asset_attachments",
            "line": 25,
            "file_line_no": 35
        },
        {
            "start": 4945,
            "end": 4984,
            "file": 6,
            "method": "get_asset_attachments",
            "line": 26,
            "file_line_no": 36
        },
        {
            "start": 4985,
            "end": 5003,
            "file": 6,
            "line": 28
        }
    ],
    "breakpoints": []
}