{
    "avm": {
        "name": "NEP5",
        "hash": "7fc54602097118b8cefbb64cd9354ee1"
    },
    "compiler": {
        "name": "neo-boa",
        "version": "0.4.8"
    },
    "files": [
        {
            "id": 1,
            "url": "/home/dau/.neopython/UnitTest/UnitTest-SM/contracts/NEP5.py"
        },
        {
            "id": 2,
            "url": "/home/dau/workspace/python/github.com/neo/venv2/lib/python3.6/site-packages/boa/builtins.py"
        }
    ],
    "map": [
        {
            "start": 14,
            "end": 32,
            "file": 1,
            "method": "Main",
            "line": 37,
            "file_line_no": 98
        },
        {
            "start": 33,
            "end": 42,
            "file": 1,
            "method": "Main",
            "line": 40,
            "file_line_no": 101
        },
        {
            "start": 43,
            "end": 82,
            "file": 1,
            "method": "Main",
            "line": 43,
            "file_line_no": 104
        },
        {
            "start": 83,
            "end": 88,
            "file": 1,
            "method": "Main",
            "line": 46,
            "file_line_no": 107
        },
        {
            "start": 89,
            "end": 98,
            "file": 1,
            "method": "Main",
            "line": 49,
            "file_line_no": 110
        },
        {
            "start": 99,
            "end": 128,
            "file": 1,
            "method": "Main",
            "line": 16,
            "file_line_no": 77
        },
        {
            "start": 129,
            "end": 137,
            "file": 1,
            "method": "Main",
            "line": 20,
            "file_line_no": 81
        },
        {
            "start": 138,
            "end": 172,
            "file": 1,
            "method": "Main",
            "line": 24,
            "file_line_no": 85
        },
        {
            "start": 173,
            "end": 178,
            "file": 1,
            "method": "Main",
            "line": 26,
            "file_line_no": 87
        },
        {
            "start": 179,
            "end": 183,
            "file": 1,
            "method": "Main",
            "line": 28,
            "file_line_no": 89
        },
        {
            "start": 184,
            "end": 188,
            "file": 1,
            "method": "Main",
            "line": 30,
            "file_line_no": 91
        },
        {
            "start": 189,
            "end": 197,
            "file": 1,
            "method": "Main",
            "line": 33,
            "file_line_no": 94
        },
        {
            "start": 198,
            "end": 209,
            "file": 1,
            "method": "Main",
            "line": 35,
            "file_line_no": 96
        },
        {
            "start": 210,
            "end": 217,
            "file": 1,
            "method": "Main",
            "line": 36,
            "file_line_no": 97
        },
        {
            "start": 218,
            "end": 224,
            "file": 1,
            "method": "Main",
            "line": 37,
            "file_line_no": 98
        },
        {
            "start": 225,
            "end": 240,
            "file": 1,
            "method": "Main",
            "line": 39,
            "file_line_no": 100
        },
        {
            "start": 241,
            "end": 248,
            "file": 1,
            "method": "Main",
            "line": 40,
            "file_line_no": 101
        },
        {
            "start": 249,
            "end": 255,
            "file": 1,
            "method": "Main",
            "line": 41,
            "file_line_no": 102
        },
        {
            "start": 256,
            "end": 269,
            "file": 1,
            "method": "Main",
            "line": 43,
            "file_line_no": 104
        },
        {
            "start": 270,
            "end": 277,
            "file": 1,
            "method": "Main",
            "line": 44,
            "file_line_no": 105
        },
        {
            "start": 278,
            "end": 284,
            "file": 1,
            "method": "Main",
            "line": 45,
            "file_line_no": 106
        },
        {
            "start": 285,
            "end": 303,
            "file": 1,
            "method": "Main",
            "line": 47,
            "file_line_no": 108
        },
        {
            "start": 304,
            "end": 311,
            "file": 1,
            "method": "Main",
            "line": 48,
            "file_line_no": 109
        },
        {
            "start": 312,
            "end": 318,
            "file": 1,
            "method": "Main",
            "line": 49,
            "file_line_no": 110
        },
        {
            "start": 319,
            "end": 335,
            "file": 1,
            "method": "Main",
            "line": 51,
            "file_line_no": 112
        },
        {
            "start": 336,
            "end": 344,
            "file": 1,
            "method": "Main",
            "line": 52,
            "file_line_no": 113
        },
        {
            "start": 345,
            "end": 354,
            "file": 1,
            "method": "Main",
            "line": 53,
            "file_line_no": 114
        },
        {
            "start": 355,
            "end": 365,
            "file": 1,
            "method": "Main",
            "line": 54,
            "file_line_no": 115
        },
        {
            "start": 366,
            "end": 372,
            "file": 1,
            "method": "Main",
            "line": 55,
            "file_line_no": 116
        },
        {
            "start": 373,
            "end": 377,
            "file": 1,
            "method": "Main",
            "line": 56,
            "file_line_no": 117
        },
        {
            "start": 378,
            "end": 393,
            "file": 1,
            "method": "Main",
            "line": 58,
            "file_line_no": 119
        },
        {
            "start": 394,
            "end": 402,
            "file": 1,
            "method": "Main",
            "line": 59,
            "file_line_no": 120
        },
        {
            "start": 403,
            "end": 412,
            "file": 1,
            "method": "Main",
            "line": 60,
            "file_line_no": 121
        },
        {
            "start": 413,
            "end": 422,
            "file": 1,
            "method": "Main",
            "line": 61,
            "file_line_no": 122
        },
        {
            "start": 423,
            "end": 433,
            "file": 1,
            "method": "Main",
            "line": 62,
            "file_line_no": 123
        },
        {
            "start": 434,
            "end": 454,
            "file": 1,
            "method": "Main",
            "line": 63,
            "file_line_no": 124
        },
        {
            "start": 455,
            "end": 462,
            "file": 1,
            "method": "Main",
            "line": 64,
            "file_line_no": 125
        },
        {
            "start": 463,
            "end": 470,
            "file": 1,
            "method": "Main",
            "line": 66,
            "file_line_no": 127
        },
        {
            "start": 471,
            "end": 490,
            "file": 1,
            "method": "Main",
            "line": 68,
            "file_line_no": 129
        },
        {
            "start": 491,
            "end": 499,
            "file": 1,
            "method": "Main",
            "line": 69,
            "file_line_no": 130
        },
        {
            "start": 500,
            "end": 509,
            "file": 1,
            "method": "Main",
            "line": 70,
            "file_line_no": 131
        },
        {
            "start": 510,
            "end": 519,
            "file": 1,
            "method": "Main",
            "line": 71,
            "file_line_no": 132
        },
        {
            "start": 520,
            "end": 530,
            "file": 1,
            "method": "Main",
            "line": 72,
            "file_line_no": 133
        },
        {
            "start": 531,
            "end": 551,
            "file": 1,
            "method": "Main",
            "line": 73,
            "file_line_no": 134
        },
        {
            "start": 552,
            "end": 559,
            "file": 1,
            "method": "Main",
            "line": 74,
            "file_line_no": 135
        },
        {
            "start": 560,
            "end": 564,
            "file": 1,
            "method": "Main",
            "line": 75,
            "file_line_no": 136
        },
        {
            "start": 565,
            "end": 579,
            "file": 1,
            "method": "Main",
            "line": 77,
            "file_line_no": 138
        },
        {
            "start": 580,
            "end": 588,
            "file": 1,
            "method": "Main",
            "line": 78,
            "file_line_no": 139
        },
        {
            "start": 589,
            "end": 599,
            "file": 1,
            "method": "Main",
            "line": 79,
            "file_line_no": 140
        },
        {
            "start": 600,
            "end": 610,
            "file": 1,
            "method": "Main",
            "line": 80,
            "file_line_no": 141
        },
        {
            "start": 611,
            "end": 621,
            "file": 1,
            "method": "Main",
            "line": 81,
            "file_line_no": 142
        },
        {
            "start": 622,
            "end": 644,
            "file": 1,
            "method": "Main",
            "line": 82,
            "file_line_no": 143
        },
        {
            "start": 645,
            "end": 652,
            "file": 1,
            "method": "Main",
            "line": 83,
            "file_line_no": 144
        },
        {
            "start": 653,
            "end": 657,
            "file": 1,
            "method": "Main",
            "line": 84,
            "file_line_no": 145
        },
        {
            "start": 658,
            "end": 674,
            "file": 1,
            "method": "Main",
            "line": 86,
            "file_line_no": 147
        },
        {
            "start": 675,
            "end": 683,
            "file": 1,
            "method": "Main",
            "line": 87,
            "file_line_no": 148
        },
        {
            "start": 684,
            "end": 694,
            "file": 1,
            "method": "Main",
            "line": 88,
            "file_line_no": 149
        },
        {
            "start": 695,
            "end": 705,
            "file": 1,
            "method": "Main",
            "line": 89,
            "file_line_no": 150
        },
        {
            "start": 706,
            "end": 723,
            "file": 1,
            "method": "Main",
            "line": 90,
            "file_line_no": 151
        },
        {
            "start": 724,
            "end": 731,
            "file": 1,
            "method": "Main",
            "line": 91,
            "file_line_no": 152
        },
        {
            "start": 732,
            "end": 736,
            "file": 1,
            "method": "Main",
            "line": 92,
            "file_line_no": 153
        },
        {
            "start": 737,
            "end": 760,
            "file": 1,
            "method": "Main",
            "line": 94,
            "file_line_no": 155
        },
        {
            "start": 761,
            "end": 768,
            "file": 1,
            "method": "Main",
            "line": 96,
            "file_line_no": 157
        },
        {
            "start": 769,
            "end": 780,
            "file": 1,
            "method": "BalanceOf",
            "line": 98,
            "file_line_no": 441
        },
        {
            "start": 781,
            "end": 810,
            "file": 1,
            "method": "BalanceOf",
            "line": 12,
            "file_line_no": 355
        },
        {
            "start": 811,
            "end": 840,
            "file": 1,
            "method": "BalanceOf",
            "line": 14,
            "file_line_no": 357
        },
        {
            "start": 841,
            "end": 889,
            "file": 1,
            "method": "GetAllowance",
            "line": 16,
            "file_line_no": 335
        },
        {
            "start": 890,
            "end": 901,
            "file": 1,
            "method": "GetAllowance",
            "line": 18,
            "file_line_no": 337
        },
        {
            "start": 902,
            "end": 931,
            "file": 1,
            "method": "GetAllowance",
            "line": 20,
            "file_line_no": 339
        },
        {
            "start": 932,
            "end": 956,
            "file": 1,
            "method": "DoApprove",
            "line": 22,
            "file_line_no": 292
        },
        {
            "start": 957,
            "end": 991,
            "file": 1,
            "method": "DoApprove",
            "line": 19,
            "file_line_no": 289
        },
        {
            "start": 992,
            "end": 997,
            "file": 1,
            "method": "DoApprove",
            "line": 21,
            "file_line_no": 291
        },
        {
            "start": 998,
            "end": 1036,
            "file": 1,
            "method": "DoApprove",
            "line": 22,
            "file_line_no": 292
        },
        {
            "start": 1037,
            "end": 1041,
            "file": 1,
            "method": "DoApprove",
            "line": 23,
            "file_line_no": 293
        },
        {
            "start": 1042,
            "end": 1071,
            "file": 1,
            "method": "DoApprove",
            "line": 25,
            "file_line_no": 295
        },
        {
            "start": 1072,
            "end": 1101,
            "file": 1,
            "method": "DoApprove",
            "line": 27,
            "file_line_no": 297
        },
        {
            "start": 1102,
            "end": 1111,
            "file": 1,
            "method": "DoApprove",
            "line": 31,
            "file_line_no": 301
        },
        {
            "start": 1112,
            "end": 1123,
            "file": 1,
            "method": "DoApprove",
            "line": 33,
            "file_line_no": 303
        },
        {
            "start": 1124,
            "end": 1153,
            "file": 1,
            "method": "DoApprove",
            "line": 35,
            "file_line_no": 305
        },
        {
            "start": 1154,
            "end": 1165,
            "file": 1,
            "method": "DoApprove",
            "line": 37,
            "file_line_no": 307
        },
        {
            "start": 1166,
            "end": 1194,
            "file": 1,
            "method": "DoApprove",
            "line": 39,
            "file_line_no": 309
        },
        {
            "start": 1195,
            "end": 1221,
            "file": 1,
            "method": "DoApprove",
            "line": 41,
            "file_line_no": 311
        },
        {
            "start": 1222,
            "end": 1263,
            "file": 1,
            "method": "DoApprove",
            "line": 43,
            "file_line_no": 313
        },
        {
            "start": 1264,
            "end": 1268,
            "file": 1,
            "method": "DoApprove",
            "line": 45,
            "file_line_no": 315
        },
        {
            "start": 1269,
            "end": 1291,
            "file": 1,
            "method": "DoTransferFrom",
            "line": 47,
            "file_line_no": 263
        },
        {
            "start": 1292,
            "end": 1299,
            "file": 1,
            "method": "DoTransferFrom",
            "line": 16,
            "file_line_no": 232
        },
        {
            "start": 1300,
            "end": 1304,
            "file": 1,
            "method": "DoTransferFrom",
            "line": 17,
            "file_line_no": 233
        },
        {
            "start": 1305,
            "end": 1334,
            "file": 1,
            "method": "DoTransferFrom",
            "line": 19,
            "file_line_no": 235
        },
        {
            "start": 1335,
            "end": 1346,
            "file": 1,
            "method": "DoTransferFrom",
            "line": 21,
            "file_line_no": 237
        },
        {
            "start": 1347,
            "end": 1376,
            "file": 1,
            "method": "DoTransferFrom",
            "line": 23,
            "file_line_no": 239
        },
        {
            "start": 1377,
            "end": 1386,
            "file": 1,
            "method": "DoTransferFrom",
            "line": 25,
            "file_line_no": 241
        },
        {
            "start": 1387,
            "end": 1432,
            "file": 1,
            "method": "DoTransferFrom",
            "line": 26,
            "file_line_no": 242
        },
        {
            "start": 1433,
            "end": 1437,
            "file": 1,
            "method": "DoTransferFrom",
            "line": 27,
            "file_line_no": 243
        },
        {
            "start": 1438,
            "end": 1467,
            "file": 1,
            "method": "DoTransferFrom",
            "line": 29,
            "file_line_no": 245
        },
        {
            "start": 1468,
            "end": 1477,
            "file": 1,
            "method": "DoTransferFrom",
            "line": 31,
            "file_line_no": 247
        },
        {
            "start": 1478,
            "end": 1531,
            "file": 1,
            "method": "DoTransferFrom",
            "line": 32,
            "file_line_no": 248
        },
        {
            "start": 1532,
            "end": 1536,
            "file": 1,
            "method": "DoTransferFrom",
            "line": 33,
            "file_line_no": 249
        },
        {
            "start": 1537,
            "end": 1566,
            "file": 1,
            "method": "DoTransferFrom",
            "line": 35,
            "file_line_no": 251
        },
        {
            "start": 1567,
            "end": 1578,
            "file": 1,
            "method": "DoTransferFrom",
            "line": 38,
            "file_line_no": 254
        },
        {
            "start": 1579,
            "end": 1590,
            "file": 1,
            "method": "DoTransferFrom",
            "line": 39,
            "file_line_no": 255
        },
        {
            "start": 1591,
            "end": 1602,
            "file": 1,
            "method": "DoTransferFrom",
            "line": 40,
            "file_line_no": 256
        },
        {
            "start": 1603,
            "end": 1631,
            "file": 1,
            "method": "DoTransferFrom",
            "line": 43,
            "file_line_no": 259
        },
        {
            "start": 1632,
            "end": 1660,
            "file": 1,
            "method": "DoTransferFrom",
            "line": 44,
            "file_line_no": 260
        },
        {
            "start": 1661,
            "end": 1689,
            "file": 1,
            "method": "DoTransferFrom",
            "line": 45,
            "file_line_no": 261
        },
        {
            "start": 1690,
            "end": 1725,
            "file": 1,
            "method": "DoTransferFrom",
            "line": 47,
            "file_line_no": 263
        },
        {
            "start": 1726,
            "end": 1767,
            "file": 1,
            "method": "DoTransferFrom",
            "line": 50,
            "file_line_no": 266
        },
        {
            "start": 1768,
            "end": 1790,
            "file": 1,
            "method": "DoTransfer",
            "line": 52,
            "file_line_no": 213
        },
        {
            "start": 1791,
            "end": 1798,
            "file": 1,
            "method": "DoTransfer",
            "line": 16,
            "file_line_no": 177
        },
        {
            "start": 1799,
            "end": 1848,
            "file": 1,
            "method": "DoTransfer",
            "line": 17,
            "file_line_no": 178
        },
        {
            "start": 1849,
            "end": 1853,
            "file": 1,
            "method": "DoTransfer",
            "line": 18,
            "file_line_no": 179
        },
        {
            "start": 1854,
            "end": 1888,
            "file": 1,
            "method": "DoTransfer",
            "line": 20,
            "file_line_no": 181
        },
        {
            "start": 1889,
            "end": 1894,
            "file": 1,
            "method": "DoTransfer",
            "line": 22,
            "file_line_no": 183
        },
        {
            "start": 1895,
            "end": 1949,
            "file": 1,
            "method": "DoTransfer",
            "line": 23,
            "file_line_no": 184
        },
        {
            "start": 1950,
            "end": 1954,
            "file": 1,
            "method": "DoTransfer",
            "line": 24,
            "file_line_no": 185
        },
        {
            "start": 1955,
            "end": 1964,
            "file": 1,
            "method": "DoTransfer",
            "line": 26,
            "file_line_no": 187
        },
        {
            "start": 1965,
            "end": 2004,
            "file": 1,
            "method": "DoTransfer",
            "line": 27,
            "file_line_no": 188
        },
        {
            "start": 2005,
            "end": 2009,
            "file": 1,
            "method": "DoTransfer",
            "line": 28,
            "file_line_no": 189
        },
        {
            "start": 2010,
            "end": 2039,
            "file": 1,
            "method": "DoTransfer",
            "line": 30,
            "file_line_no": 191
        },
        {
            "start": 2040,
            "end": 2069,
            "file": 1,
            "method": "DoTransfer",
            "line": 32,
            "file_line_no": 193
        },
        {
            "start": 2070,
            "end": 2079,
            "file": 1,
            "method": "DoTransfer",
            "line": 34,
            "file_line_no": 195
        },
        {
            "start": 2080,
            "end": 2128,
            "file": 1,
            "method": "DoTransfer",
            "line": 35,
            "file_line_no": 196
        },
        {
            "start": 2129,
            "end": 2133,
            "file": 1,
            "method": "DoTransfer",
            "line": 36,
            "file_line_no": 197
        },
        {
            "start": 2134,
            "end": 2143,
            "file": 1,
            "method": "DoTransfer",
            "line": 38,
            "file_line_no": 199
        },
        {
            "start": 2144,
            "end": 2175,
            "file": 1,
            "method": "DoTransfer",
            "line": 39,
            "file_line_no": 200
        },
        {
            "start": 2176,
            "end": 2187,
            "file": 1,
            "method": "DoTransfer",
            "line": 42,
            "file_line_no": 203
        },
        {
            "start": 2188,
            "end": 2217,
            "file": 1,
            "method": "DoTransfer",
            "line": 43,
            "file_line_no": 204
        },
        {
            "start": 2218,
            "end": 2247,
            "file": 1,
            "method": "DoTransfer",
            "line": 45,
            "file_line_no": 206
        },
        {
            "start": 2248,
            "end": 2259,
            "file": 1,
            "method": "DoTransfer",
            "line": 47,
            "file_line_no": 208
        },
        {
            "start": 2260,
            "end": 2288,
            "file": 1,
            "method": "DoTransfer",
            "line": 49,
            "file_line_no": 210
        },
        {
            "start": 2289,
            "end": 2330,
            "file": 1,
            "method": "DoTransfer",
            "line": 51,
            "file_line_no": 212
        },
        {
            "start": 2331,
            "end": 2347,
            "file": 2,
            "method": "range",
            "line": 53,
            "file_line_no": 126
        },
        {
            "start": 2348,
            "end": 2359,
            "file": 2,
            "method": "range",
            "line": 9,
            "file_line_no": 82
        },
        {
            "start": 2360,
            "end": 2368,
            "file": 2,
            "method": "range",
            "line": 11,
            "file_line_no": 84
        },
        {
            "start": 2369,
            "end": 2374,
            "file": 2,
            "method": "range",
            "line": 13,
            "file_line_no": 86
        },
        {
            "start": 2375,
            "end": 2382,
            "file": 2,
            "method": "range",
            "line": 15,
            "file_line_no": 88
        },
        {
            "start": 2383,
            "end": 2394,
            "file": 2,
            "method": "range",
            "line": 17,
            "file_line_no": 90
        },
        {
            "start": 2395,
            "end": 2406,
            "file": 2,
            "method": "range",
            "line": 18,
            "file_line_no": 91
        },
        {
            "start": 2407,
            "end": 2417,
            "file": 2,
            "method": "range",
            "line": 19,
            "file_line_no": 92
        },
        {
            "start": 2418,
            "end": 2427,
            "file": 2,
            "method": "range",
            "line": 20,
            "file_line_no": 93
        },
        {
            "start": 2428,
            "end": 2445,
            "file": 2,
            "method": "range",
            "line": 21,
            "file_line_no": 94
        },
        {
            "start": 2446,
            "end": 2451,
            "file": 2,
            "line": 23
        }
    ],
    "breakpoints": []
}