{
    "avm": {
        "name": "sample2",
        "hash": "7603d988ebf7d248d219d3f3c5516d73"
    },
    "compiler": {
        "name": "neo-boa",
        "version": "0.4.2"
    },
    "files": [
        {
            "id": 1,
            "url": "/root/.neopython/Chains/UnitTest-SM/contracts/sample2.py"
        }
    ],
    "map": [
        {
            "start": 18,
            "end": 28,
            "file": 1,
            "method": "Main",
            "line": 3,
            "file_line_no": 3
        },
        {
            "start": 29,
            "end": 39,
            "file": 1,
            "method": "Main",
            "line": 4,
            "file_line_no": 4
        },
        {
            "start": 40,
            "end": 50,
            "file": 1,
            "method": "Main",
            "line": 6,
            "file_line_no": 6
        },
        {
            "start": 51,
            "end": 61,
            "file": 1,
            "method": "Main",
            "line": 7,
            "file_line_no": 7
        },
        {
            "start": 62,
            "end": 72,
            "file": 1,
            "method": "Main",
            "line": 9,
            "file_line_no": 9
        },
        {
            "start": 73,
            "end": 83,
            "file": 1,
            "method": "Main",
            "line": 10,
            "file_line_no": 10
        },
        {
            "start": 84,
            "end": 94,
            "file": 1,
            "method": "Main",
            "line": 12,
            "file_line_no": 12
        },
        {
            "start": 95,
            "end": 105,
            "file": 1,
            "method": "Main",
            "line": 13,
            "file_line_no": 13
        },
        {
            "start": 106,
            "end": 113,
            "file": 1,
            "line": 16
        }
    ],
    "breakpoints": []
}